﻿<?xml version="1.0" encoding="utf-8"?>
<ErrorClassifier>
    <ErrorCategories>
        <ErrorCategory>
            <Name>AccessDenied</Name>
            <ErrorStrings>
                <string>Error 1303. The installer has insufficient privileges to access this directory:</string>
                <string>Error 1305. Error reading from file</string>
                <string>Error 1306. Another application has exclusive access to the file </string>
                <string>Error 1310. Error writing to file:</string>
                <string>Error 1321. The Installer has insufficient privileges to modify this file:</string>
                <string>Error 1606. Could not access network location</string>
                <string>Error 1406. Could not write value </string>
                <string>MainEngineThread is returning 1620</string>
                <string>The Default software restriction user policy default security level disallows execution.</string>
                <string>Error 1926. Could not set file security</string>
                <string>MainEngineThread is returning 110</string>
                <string>DEBUG: Error 2329:  Error deleting file: </string>
            </ErrorStrings>
            <ErrorOverview>Setup failed due to insufficient privileges.</ErrorOverview>
            <Solution>Please ensure your windows user account as well as the LocalSystem built in account have the necessary priviliges to perform installations.</Solution>
        </ErrorCategory>
        <ErrorCategory>
            <Name>BuildCache</Name>
            <ErrorStrings>
                <string>Building Cache
Exception thrown by custom action:</string>
                <string>Telerik.Deployment.ResourceUninstallation.CacheManager.WriteCache(Cache cache, String directoryPath, Session session)</string>
                <string>Begin Building Cache
Installation cannot proceed. Could not find file</string>
            </ErrorStrings>
            <ErrorOverview>Setup failed while attempting to install a large volume of files.</ErrorOverview>
            <Solution>The issue can be avoided by attempting another install with the Local Demos feature turned off. Contact Telerik support for additional assistance.</Solution>
        </ErrorCategory>
        <ErrorCategory>
            <Name>ChangeFolderPermissions</Name>
            <ErrorStrings>
                <string>ExecSecureObjects:  Error 0x80070003: failed to get security info for object:</string>
                <string>SchedSecureObjectsRollback returned actual error code 1603</string>
            </ErrorStrings>
            <ErrorOverview>Setup failed due to insufficient privileges.</ErrorOverview>
            <Solution>Please ensure your windows user account as well as the LocalSystem built in account have the necessary priviliges to perform installations.</Solution>
        </ErrorCategory>
        <ErrorCategory>
            <Name>ConcurrentInstall</Name>
            <ErrorStrings>
                <string>Failed to grab execution mutex. System error 258.</string>
                <string>MainEngineThread is returning 1618</string>
            </ErrorStrings>
            <ErrorOverview>Setup failed due to another running installation process on your system.</ErrorOverview>
            <Solution>Retry your installation later or after a system reboot.</Solution>
        </ErrorCategory>
        <ErrorCategory>
            <Name>ControlPanelNotificationsScheduler</Name>
            <ErrorStrings>
                <string>Error: could not load custom action class NotificationsScheduler.CustomActions from assembly: NotificationsScheduler</string>
            </ErrorStrings>
            <!--No useful error classification for customers as we are not aware of any solution for the issue.-->
        </ErrorCategory>
        <ErrorCategory>
            <Name>CreateInternetShortcuts</Name>
            <ErrorStrings>
                <string>WixCreateInternetShortcuts returned actual error code 1603</string>
            </ErrorStrings>
            <!--No useful error classification for customers as we are not aware of any solution for the issue.-->
        </ErrorCategory>
        <ErrorCategory>
            <Name>CreateTempFile</Name>
            <ErrorStrings>
                <string>Error 1336. There was an error creating a temporary file that is needed to complete this installation.</string>
            </ErrorStrings>
            <ErrorOverview>There was an error creating a temporary file that is needed to complete this installation.</ErrorOverview>
            <Solution>Please ensure your windows user account as well as the LocalSystem built in account have the necessary priviliges to create temporary files.</Solution>
        </ErrorCategory>
        <ErrorCategory>
            <Name>DiskSpace</Name>
            <ErrorStrings>
                <string>Disk full: Out of disk space</string>
                <string>Begin UnpackResource
Installation cannot proceed. Not enough storage is available to process this command.</string>
                <string>Error 1307. There is not enough disk space to install this file:</string>
                <string>MainEngineThread is returning 112</string>
                <string>Installation cannot proceed. There is not enough space on the disk.</string>
                <string>Begin UnpackResource
Installation cannot proceed. Espacio en disco insuficiente.</string>
                <string>Installation cannot proceed. Not enough storage is available to process this command.</string>
            </ErrorStrings>
            <ErrorOverview>Setup failed due to insufficient disk space.</ErrorOverview>
            <Solution>Please ensure you have enough free space on your system drive as well as the drive where your installation is taking place.</Solution>
        </ErrorCategory>
        <ErrorCategory>
            <Name>GAC</Name>
            <ErrorStrings>
                <string>An error occurred during the installation of assembly</string>
            </ErrorStrings>
            <ErrorOverview>Setup failed to add assemblies to Global Assembly Cache.</ErrorOverview>
            <Solution>Please ensure your .NET Framework installation is intact.</Solution>
        </ErrorCategory>
        <ErrorCategory>
            <Name>IISConfiguration</Name>
            <ErrorStrings>
                <string>Installing TeamPulse IIS Configuration</string>
            </ErrorStrings>
            <ErrorOverview>Setup failed to configure IIS.</ErrorOverview>
            <Solution>Please try to configure IIS manually before attempting another install. Contact Telerik support for additional assistance.</Solution>
        </ErrorCategory>
        <ErrorCategory>
            <Name>InitiateCustomAction</Name>
            <ErrorStrings>
                <string>SFXCA: RUNDLL32 returned error code:</string>
                <string>SFXCA: Failed to create new CA process via RUNDLL32.</string>
                <string>SFXCA: Failed to get requested CLR info. Error code 0x80131700</string>
                <string>SFXCA: Failed to extract to temporary directory. Cabinet error code</string>
                <string>SFXCA: Failed to start the CLR. Error code 0x80070057</string>
                <string>Error 1723. There is a problem with this Windows Installer package. A DLL required for this install to complete could not be run. Contact your support personnel or package vendor.</string>
            </ErrorStrings>
            <ErrorOverview>Setup failed due to an unknown Windows Installer issue.</ErrorOverview>
            <Solution>Retry your installation after a system reboot.</Solution>
        </ErrorCategory>
        <ErrorCategory>
            <Name>InstallationForbidden</Name>
            <ErrorStrings>
                <string>Info 1625.This installation is forbidden by system policy. Contact your system administrator.</string>
                <string>MainEngineThread is returning 1625</string>
            </ErrorStrings>
            <ErrorOverview>This installation is forbidden by system policy.</ErrorOverview>
            <Solution>Contact your system administrator.</Solution>
        </ErrorCategory>
        <ErrorCategory>
            <Name>InvalidInstallLocation</Name>
            <ErrorStrings>
                <string>Error 1327. Invalid Drive:</string>
                <string>Error 1324. The folder path</string>
                <string>Installation cannot proceed. Could not find a part of the path</string>
                <string>Installation cannot proceed. No se puede encontrar una parte de la ruta de acceso</string>
            </ErrorStrings>
            <ErrorOverview>An invalid path was set for an installation folder.</ErrorOverview>
            <Solution>Please input a valid path.</Solution>
        </ErrorCategory>
        <ErrorCategory>
            <Name>JustCodeCleanVSCmds</Name>
            <ErrorStrings>
                <string>No remaining retries</string>
            </ErrorStrings>
            <ErrorOverview>An error occurred while cleaning JustCode commands in Visual Studio.</ErrorOverview>
            <Solution>Please make sure Visual Studio is not running during setup.</Solution>
        </ErrorCategory>
        <ErrorCategory>
            <Name>JustCodeRefreshVS</Name>
            <ErrorStrings>
                <string>CustomAction ForceRefreshOfVisualStudio2012Extensions returned actual error code 1603</string>
            </ErrorStrings>
            <ErrorOverview>An error occurred while registering JustCode in Visual Studio 2012.</ErrorOverview>
            <Solution>Please make sure Visual Studio is not running during setup.</Solution>
        </ErrorCategory>
        <ErrorCategory>
            <Name>JustCodeUpdatePkgdef</Name>
            <ErrorStrings>
                <string>CustomAction UpdatePkgDefFileWithProperPaths returned actual error code 1603</string>
            </ErrorStrings>
            <ErrorOverview>An error occurred while registering JustCode in Visual Studio.</ErrorOverview>
            <Solution>Please make sure Visual Studio is not running during setup.</Solution>
        </ErrorCategory>
        <ErrorCategory>
            <Name>JustCodeUpdateVsix</Name>
            <ErrorStrings>
                <string>CustomAction UpdateVsixManifestFileForVisualStudio2012WithProperPaths returned actual error code 1603</string>
            </ErrorStrings>
            <ErrorOverview>An error occurred while registering JustCode in Visual Studio.</ErrorOverview>
            <Solution>Please make sure Visual Studio is not running during setup.</Solution>
        </ErrorCategory>
        <ErrorCategory>
            <Name>JustMockRegisterCodeWeaver</Name>
            <ErrorStrings>
                <string>Error 1904. Module</string>
            </ErrorStrings>
            <!--No useful error classification for customers as we are not aware of any solution for the issue.-->
        </ErrorCategory>
        <ErrorCategory>
            <Name>JustTraceAdjustConfig</Name>
            <ErrorStrings>
                <string>CustomAction AdjustConfigFilesForInstalledCLR returned actual error code 1603</string>
            </ErrorStrings>
            <!--No useful error classification for customers as we are not aware of any solution for the issue.-->
        </ErrorCategory>
        <ErrorCategory>
            <Name>JustTraceClrEtwProvider</Name>
            <ErrorStrings>
                <string>CustomAction RegisterClrEtwProvider returned actual error code 1603</string>
            </ErrorStrings>
            <!--No useful error classification for customers as we are not aware of any solution for the issue.-->
        </ErrorCategory>
        <ErrorCategory>
            <Name>JustTraceCommandServer</Name>
            <ErrorStrings>
                <string>at InstallerCustomCommands.CustomActions.RegisterCommandServer(Session session)</string>
                <string>at InstallerCustomCommands.CustomActions.DeregisterCommandServer(Session session)</string>
            </ErrorStrings>
            <!--No useful error classification for customers as we are not aware of any solution for the issue.-->
        </ErrorCategory>
        <ErrorCategory>
            <Name>JustTraceCopyDiaDll</Name>
            <ErrorStrings>
                <string>CopyDiaDll exception caught.</string>
            </ErrorStrings>
            <!--No useful error classification for customers as we are not aware of any solution for the issue.-->
        </ErrorCategory>
        <ErrorCategory>
            <Name>JustTraceDeleteLog</Name>
            <ErrorStrings>
                <string>CustomAction DeleteLogFile returned actual error code 1603</string>
            </ErrorStrings>
            <!--No useful error classification for customers as we are not aware of any solution for the issue.-->
        </ErrorCategory>
        <ErrorCategory>
            <Name>JustTraceInstallStdOle</Name>
            <ErrorStrings>
                <string>Calling custom action InstallerCustomCommands!InstallerCustomCommands.CustomActions.InstallStdoleAssembly
Exception thrown by custom action:</string>
            </ErrorStrings>
            <!--No useful error classification for customers as we are not aware of any solution for the issue.-->
        </ErrorCategory>
        <ErrorCategory>
            <Name>JustTraceInstallVsix</Name>
            <ErrorStrings>
                <string>There is a problem with this Windows Installer package. A program run as part of the setup did not finish as expected. Contact your support personnel or package vendor.  Action vim</string>
                <string>There is a problem with this Windows Installer package. A program required for this install to complete could not be run. Contact your support personnel or package vendor. Action: vim</string>
            </ErrorStrings>
            <ErrorOverview>Failed to deploy JustTrace in Visual Studio.</ErrorOverview>
            <Solution>This issue has already been addressed in a newer version of JustTrace. Please try installing the latest JustTrace version.</Solution>
        </ErrorCategory>
        <ErrorCategory>
            <Name>JustTraceWmiRepository</Name>
            <ErrorStrings>
                <string>at InstallerCustomCommands.CustomActions.CleanWMIRepository(Session session)
-CleanWMIRepository</string>
            </ErrorStrings>
            <!--No useful error classification for customers as we are not aware of any solution for the issue.-->
        </ErrorCategory>
        <ErrorCategory>
            <Name>LaunchCondition</Name>
            <ErrorStrings>
                <string>This application requires .NET Framework 4.0 or higher. Please install the .NET Framework then run this installer again.</string>
                <string>This application requires Windows Phone SDK 8.0. Please install the Windows Phone SDK 8.0 then run this installer again.</string>
                <string>This setup requires the .NET Framework 2.0 or higher.</string>
                <string>This application requires Windows Phone SDK 7.1. Please install the Windows Phone SDK 7.1 then run this installer again.</string>
            </ErrorStrings>
            <ErrorOverview>Setup failed due to missing required software.</ErrorOverview>
            <Solution>Please ensure you have all required software installed and attempt another install.</Solution>
        </ErrorCategory>
        <ErrorCategory>
            <Name>LaunchFinishUrl</Name>
            <ErrorStrings>
                <string>LaunchOnFinishUrl. Return value 3.</string>
            </ErrorStrings>
            <!--No useful error classification for customers as we are not aware of any solution for the issue.-->
        </ErrorCategory>
        <ErrorCategory>
            <Name>LockedFiles</Name>
            <ErrorStrings>
                <string>Begin UnpackResource
Installation cannot proceed. The process cannot access the file</string>
                <string>Begin UninstallResources
Unable to delete</string>
                <string>Calling custom action DeleteFolderCA!DeleteFolderCA.CustomAction.DeleteFolder
Unable to delete</string>
            </ErrorStrings>
            <ErrorOverview>Setup failed due to locked files on the system.</ErrorOverview>
            <Solution>Please make sure there are no Visual Studio instances or Telerik demo applications running before attempting another install.</Solution>
        </ErrorCategory>
        <ErrorCategory>
            <Name>MsiDecompressionFailed</Name>
            <ErrorStrings>
                <string>Error 1335. The cabinet file</string>
            </ErrorStrings>
            <!--No useful error classification for customers as we are not aware of any solution for the issue.-->
        </ErrorCategory>
        <ErrorCategory>
            <Name>MsiFileNeeded</Name>
            <ErrorStrings>
                <string>Error 1316. A network error occurred while attempting to read from the file:</string>
                <string>Source is invalid due to missing/inaccessible package.</string>
            </ErrorStrings>
            <ErrorOverview>Setup failed due to installer file name being being changed since initial installation.</ErrorOverview>
            <Solution>The issue can be avoided by uninstalling any old product versions before attempting another install.</Solution>
        </ErrorCategory>
        <ErrorCategory>
            <Name>MsiLogFileLocked</Name>
            <ErrorStrings>
                <string>MainEngineThread is returning 1622</string>
            </ErrorStrings>
            <ErrorOverview>Installation log file locked.</ErrorOverview>
        </ErrorCategory>
        <ErrorCategory>
            <Name>OrmXmlUpdate</Name>
            <ErrorStrings>
                <string>Calling custom action XmlUpdate!XmlUpdate.CustomActions.XmlUpdateDeferred
Exception thrown by custom action:</string>
            </ErrorStrings>
            <ErrorOverview>An error occurred while registering OpenAccess in Visual Studio.</ErrorOverview>
            <Solution>Please make sure Visual Studio is not running during setup.</Solution>
        </ErrorCategory>
        <ErrorCategory>
            <Name>PathTooLong</Name>
            <ErrorStrings>
                <string>Installation cannot proceed. The specified path, file name, or both are too long. The fully qualified file name must be less than 260 characters, and the directory name must be less than 248 characters.</string>
            </ErrorStrings>
            <!--No useful error classification for customers as we are not aware of any solution for the issue.-->
        </ErrorCategory>
        <ErrorCategory>
            <Name>ReportingDB</Name>
            <ErrorStrings>
                <string>ExecuteSqlStrings:  Error 0x80004005: failed to connect to database: 'AdventureWorks'</string>
                <string>CreateDatabase:  Error 0x80040e14: failed to create to database: 'AdventureWorks'</string>
                <string>failed to create SQL database: AdventureWorks</string>
            </ErrorStrings>
            <ErrorOverview>An error occurred while deploying the Telerik Reporting Demo database.</ErrorOverview>
            <Solution>The issue can be avoided by attempting another install with the Local Demos feature turned off. Contact Telerik support for additional assistance.</Solution>
        </ErrorCategory>
        <ErrorCategory>
            <Name>ResetStudio</Name>
            <ErrorStrings>
                <string>devenv.exe" /setup ended with ExitCode 1</string>
            </ErrorStrings>
            <ErrorOverview>Unable to setup Visual Studio templates.</ErrorOverview>
            <Solution>Please repair Visual Studio or disable the Visual Studio integration feature before attempting another install.</Solution>
        </ErrorCategory>
        <ErrorCategory>
            <Name>ScheduleNativeImage</Name>
            <ErrorStrings>
                <string>NetFxScheduleNativeImage. Return value 3</string>
            </ErrorStrings>
            <!--No useful error classification for customers as we are not aware of any solution for the issue.-->
        </ErrorCategory>
        <ErrorCategory>
            <Name>SPAccelerationKitInstalled</Name>
            <ErrorStrings>
                <string>Setup detected that you have Telerik SharePoint Acceleration Kit installed</string>
            </ErrorStrings>
            <ErrorOverview>Setup detected that you have Telerik SharePoint Acceleration Kit installed.</ErrorOverview>
            <Solution>Please uninstall the Telerik SharePoint Acceleration Kit.</Solution>
        </ErrorCategory>
        <ErrorCategory>
            <Name>SPManuallyInstalledSolution</Name>
            <ErrorStrings>
                <string>ManuallyInstalledTelerikPartsDetectedError. Return value 3.</string>
            </ErrorStrings>
            <ErrorOverview>Setup detected that you have manually installed Telerik SharePoint web parts.</ErrorOverview>
            <Solution>Please remove the existing web parts backing up any customizations you have before attempting another install.</Solution>
        </ErrorCategory>
        <ErrorCategory>
            <Name>SPTimerService</Name>
            <ErrorStrings>
                <string>Setup detected that the Sharepoint Timer service is not running. Setup requires that the Sharepoint Timer service is running.</string>
            </ErrorStrings>
            <ErrorOverview>Setup detected that the Sharepoint Timer service is not running.</ErrorOverview>
            <Solution>Please ensure the Sharepoint Timer service is running before attempting another install.</Solution>
        </ErrorCategory>
        <ErrorCategory>
            <Name>SPUninstallSolution</Name>
            <ErrorStrings>
                <string>Begin uninstalling Sharepoint solution.
Exception thrown by custom action:</string>
            </ErrorStrings>
            <ErrorOverview>Setup failed to uninstall the Telerik SharePoint solution.</ErrorOverview>
            <Solution>Please try to manually uninstall the existing Telerik SharePoint web parts before attempting another install.</Solution>
        </ErrorCategory>
        <ErrorCategory>
            <Name>SQLManagementObjects</Name>
            <ErrorStrings>
                <string>The Microsoft .NET Framework 3.5 or 4.0 must be installed on your computer before you can install Microsoft SQL Server 2012 Management Objects</string>
            </ErrorStrings>
            <ErrorOverview>Installation of Microsoft SQL Server 2012 Management Objects prerequisite has failed.</ErrorOverview>
            <Solution>Please install Microsoft SQL Server 2012 Management Objects before attempting another install.</Solution>
        </ErrorCategory>
        <ErrorCategory>
            <Name>SQLServer</Name>
            <ErrorStrings>
                <string>OperationTitle: Installing SQL Server 2008 R2 Express SP1 (x64)</string>
            </ErrorStrings>
            <ErrorOverview>Installation of Microsoft SQL Server 2008 R2 Express SP1 has failed.</ErrorOverview>
            <Solution>Please install Microsoft SQL Server 2008 R2 Express SP1 before attempting another install.</Solution>
        </ErrorCategory>
        <ErrorCategory>
            <Name>TempFolderFullOrInaccessible</Name>
            <ErrorStrings>
                <string>MainEngineThread is returning 1632</string>
            </ErrorStrings>
            <ErrorOverview>Setup failed to extract files to the Temp folder because it is either full or inaccessible.</ErrorOverview>
            <Solution>Please ensure that Temp folder is not full and your windows user account as well as the LocalSystem built in account have the necessary priviliges to create temporary files.</Solution>
        </ErrorCategory>
        <ErrorCategory>
            <Name>TestingFrameworkInstalled</Name>
            <ErrorStrings>
                <string>Telerik Testing Framework is already installed as a part of Telerik Test Studio.</string>
            </ErrorStrings>
            <ErrorOverview>Telerik Testing Framework is already installed as a part of Telerik Test Studio.</ErrorOverview>
            <Solution>No further action is required. Please excuse the inconvenience caused.</Solution>
        </ErrorCategory>
        <ErrorCategory>
            <Name>TPEnsureLocalSystemPermissions</Name>
            <ErrorStrings>
                <string>at DatabaseExtensions.CustomActions.EnsureLocalSystemPermissionsInTeamPulse(Session session)</string>
            </ErrorStrings>
            <ErrorOverview>Setup failed to ensure database permissions for the LocalSystem built in account.</ErrorOverview>
            <Solution>Please check your database permissions. Contact Telerik support for additional assistance.</Solution>
        </ErrorCategory>
        <ErrorCategory>
            <Name>UninstallHelp</Name>
            <ErrorStrings>
                <string>Error 1722. There is a problem with this Windows Installer package. A program run as part of the setup did not finish as expected. Contact your support personnel or package vendor.  Action UnInstallHelp</string>
                <string>Error 1721. There is a problem with this Windows Installer package. A program required for this install to complete could not be run. Contact your support personnel or package vendor. Action: UnInstallHelp</string>
            </ErrorStrings>
            <!--No useful error classification for customers as we are not aware of any solution for the issue.-->
        </ErrorCategory>
        <ErrorCategory>
            <Name>UninstallResource</Name>
            <ErrorStrings>
                <string>Begin UninstallResources
Exception thrown by custom action:</string>
            </ErrorStrings>
            <!--No useful error classification for customers as we are not aware of any solution for the issue.-->
        </ErrorCategory>
        <ErrorCategory>
            <Name>UnpackZipResource</Name>
            <ErrorStrings>
                <string>Begin UnpackResource
Exception thrown by custom action:</string>
                <string>Begin UnpackResource
CustomAction InstallLiveDemos returned actual error code 1603</string>
                <string>Begin UnpackResource
CustomAction InstallExamples returned actual error code 1603</string>
                <string>Begin UnpackResource
CustomAction InstallScriptsAndSkins returned actual error code 1603</string>
            </ErrorStrings>
            <ErrorOverview>Setup failed while attempting to install a large volume of files.</ErrorOverview>
            <Solution>The issue can be avoided by attempting another install with the Local Demos feature turned off. Contact Telerik support for additional assistance.</Solution>
        </ErrorCategory>
        <ErrorCategory>
            <Name>UpgradeConflict</Name>
            <ErrorStrings>
                <string>A newer version of Test Studio is already installed</string>
            </ErrorStrings>
            <ErrorOverview>A newer version of Test Studio is already installed.</ErrorOverview>
            <Solution>No further action is required. Please excuse the inconvenience caused.</Solution>
        </ErrorCategory>
        <ErrorCategory>
            <Name>Windows8SecureBoot</Name>
            <ErrorStrings>
                <string>Failing with hr=80070005 at RemoveDirectoryAndChildren, line 398</string>
            </ErrorStrings>
            <!--No useful error classification for customers as we are not aware of any solution for the issue.-->
        </ErrorCategory>
        <ErrorCategory>
            <Name>WindowsInstallerBroken</Name>
            <ErrorStrings>
                <string>Cannot begin transaction. Global mutex not properly initialized.</string>
                <string>MainEngineThread is returning 1601</string>
                <string>Error 1719. The Windows Installer Service could not be accessed. This can occur if the Windows Installer is not correctly installed. Contact your support personnel for assistance.</string>
                <string>Installation cannot proceed. Insufficient system resources exist to complete the requested service.</string>
                <string>Internal MSI error. Installer terminated prematurely.</string>
                <string>Error 2350:  FDI Server Error</string>
            </ErrorStrings>
            <ErrorOverview>Windows Installer service could not be accessed.</ErrorOverview>
            <Solution>Unregister and re-register Windows Installer service. Reboot the system.</Solution>
        </ErrorCategory>
        <ErrorCategory>
            <Name>WindowsInstallerCache</Name>
            <ErrorStrings>
                <string>The error code is 2203</string>
                <string>Error 1101. Error reading from file:</string>
            </ErrorStrings>
            <!--No useful error classification for customers as we are not aware of any solution for the issue.-->
        </ErrorCategory>
    </ErrorCategories>
</ErrorClassifier>