﻿<?xml version="1.0" encoding="utf-8" ?>
<InterferingProcesses>
    <Product ProductCode="RCAJAX">
        <InterferingProcess ProcessName="devenv" ApplicationName="Microsoft Visual Studio" />
    </Product>
    <Product ProductCode="ASPNETMVC">
        <InterferingProcess ProcessName="devenv" ApplicationName="Microsoft Visual Studio" />
    </Product>
    <Product ProductCode="RCSL">
        <InterferingProcess ProcessName="devenv" ApplicationName="Microsoft Visual Studio" />
    </Product>
    <Product ProductCode="RCWPF">
        <InterferingProcess ProcessName="devenv" ApplicationName="Microsoft Visual Studio" />
    </Product>
    <Product ProductCode="RCWF">
        <InterferingProcess ProcessName="devenv" ApplicationName="Microsoft Visual Studio" />
    </Product>
    <Product ProductCode="RCWP7">
        <InterferingProcess ProcessName="devenv" ApplicationName="Microsoft Visual Studio" />
    </Product>
    <Product ProductCode="RCWP8">
        <InterferingProcess ProcessName="devenv" ApplicationName="Microsoft Visual Studio" />
    </Product>
    <Product ProductCode="KENDOUICOMPLETE">
        <InterferingProcess ProcessName="devenv" ApplicationName="Microsoft Visual Studio" />
    </Product>
    <Product ProductCode="KENDOUIMVC">
        <InterferingProcess ProcessName="devenv" ApplicationName="Microsoft Visual Studio" />
    </Product>
    <Product ProductCode="KENDOUITRIAL">
        <InterferingProcess ProcessName="devenv" ApplicationName="Microsoft Visual Studio" />
    </Product>
    <Product ProductCode="REPORTING">
        <InterferingProcess ProcessName="devenv" ApplicationName="Microsoft Visual Studio" />
    </Product>
    <Product ProductCode="OPENACCESS">
        <InterferingProcess ProcessName="devenv" ApplicationName="Microsoft Visual Studio" />
    </Product>
    <Product ProductCode="OPENACCESSFREE">
        <InterferingProcess ProcessName="devenv" ApplicationName="Microsoft Visual Studio" />
    </Product>
    <Product ProductCode="JC">
        <InterferingProcess ProcessName="devenv" ApplicationName="Microsoft Visual Studio" />
    </Product>
    <Product ProductCode="JUSTMOCK">
        <InterferingProcess ProcessName="devenv" ApplicationName="Microsoft Visual Studio" />
    </Product>
    <Product ProductCode="JT">
        <InterferingProcess ProcessName="devenv" ApplicationName="Microsoft Visual Studio" />
    </Product>
    <Product ProductCode="TESTSTUDIOLOAD">
        <InterferingProcess ProcessName="devenv" ApplicationName="Microsoft Visual Studio" />
        <InterferingProcess ProcessName="Telerik.TestStudio" ApplicationName="Telerik Test Studio" />
    </Product>
    <Product ProductCode="TESTSTUDIOFUNCTIONAL">
        <InterferingProcess ProcessName="devenv" ApplicationName="Microsoft Visual Studio" />
        <InterferingProcess ProcessName="Telerik.TestStudio" ApplicationName="Telerik Test Studio" />
    </Product>
    <Product ProductCode="TESTSTUDIOULTIMATE">
        <InterferingProcess ProcessName="devenv" ApplicationName="Microsoft Visual Studio" />
        <InterferingProcess ProcessName="Telerik.TestStudio" ApplicationName="Telerik Test Studio" />
    </Product>
</InterferingProcesses>