﻿<?xml version="1.0" encoding="utf-8" ?>
<ProductBanners IterationIterval="20000">
    <Product ProductCode="RCAJAX">
        <Banner FileName="AJAX_B1.jpg"/>
        <Banner FileName="GENERIC_B1.jpg"/>
    </Product>
    <Product ProductCode="ASPNETMVC">
        <Banner FileName="MVC_B1.jpg"/>
        <Banner FileName="GENERIC_B1.jpg"/>
    </Product>
    <Product ProductCode="RCSL">
        <Banner FileName="SL_B1.jpg"/>
        <Banner FileName="GENERIC_B1.jpg"/>
    </Product>
    <Product ProductCode="RCWPF">
        <Banner FileName="WPF_B1.jpg"/>
        <Banner FileName="GENERIC_B1.jpg"/>
    </Product>
    <Product ProductCode="RCWF">
        <Banner FileName="WF_B1.jpg"/>
        <Banner FileName="GENERIC_B1.jpg"/>
    </Product>
    <Product ProductCode="RCWP7">
        <Banner FileName="WP_B1.jpg"/>
        <Banner FileName="GENERIC_B1.jpg"/>
    </Product>
    <Product ProductCode="RCWP8">
        <Banner FileName="WP_B1.jpg"/>
        <Banner FileName="GENERIC_B1.jpg"/>
    </Product>
    <Product ProductCode="KENDOUICOMPLETE">
        <Banner FileName="KENDO_B1.jpg"/>
        <Banner FileName="GENERIC_B1.jpg"/>
    </Product>
    <Product ProductCode="KENDOUIMVC">
        <Banner FileName="KENDO_B1.jpg"/>
        <Banner FileName="GENERIC_B1.jpg"/>
    </Product>
    <Product ProductCode="KENDOUITRIAL">
        <Banner FileName="KENDO_B1.jpg"/>
        <Banner FileName="GENERIC_B1.jpg"/>
    </Product>
    <Product ProductCode="REPORTING">
        <Banner FileName="REP_B1.jpg"/>
        <Banner FileName="GENERIC_B1.jpg"/>
    </Product>
    <Product ProductCode="OPENACCESS">
        <Banner FileName="ORM_B1.jpg"/>
        <Banner FileName="GENERIC_B1.jpg"/>
    </Product>
    <Product ProductCode="OPENACCESSFREE">
        <Banner FileName="ORM_B1.jpg"/>
        <Banner FileName="GENERIC_B1.jpg"/>
    </Product>
    <Product ProductCode="TESTSTUDIOFWK">
        <Banner FileName="TestingFramework_B1.jpg"/>
        <Banner FileName="GENERIC_B1.jpg"/>
    </Product>
    <Product ProductCode="TESTSTUDIOLOAD">
        <Banner FileName="TestStudio_B1.jpg"/>
        <Banner FileName="TestStudio_B2.jpg"/>
    </Product>
    <Product ProductCode="TESTSTUDIOFUNCTIONAL">
        <Banner FileName="TestStudio_B1.jpg"/>
        <Banner FileName="TestStudio_B2.jpg"/>
    </Product>
    <Product ProductCode="TESTSTUDIOULTIMATE">
        <Banner FileName="TestStudio_B1.jpg"/>
        <Banner FileName="TestStudio_B2.jpg"/>
    </Product>
    <Product ProductCode="JC">
        <Banner FileName="JC_B1.jpg"/>
        <Banner FileName="GENERIC_B1.jpg"/>
    </Product>
    <Product ProductCode="JUSTMOCK">
        <Banner FileName="JM_B1.jpg"/>
        <Banner FileName="GENERIC_B1.jpg"/>
    </Product>
    <Product ProductCode="JT">
        <Banner FileName="JT_B1.jpg"/>
        <Banner FileName="GENERIC_B1.jpg"/>
    </Product>
    <Product ProductCode="JD">
        <Banner FileName="JD_B1.jpg"/>
        <Banner FileName="GENERIC_B1.jpg"/>
    </Product>
    <Product ProductCode="AJAX SP">
        <Banner FileName="GENERIC_B1.jpg"/>
        <Banner FileName="SP_B1.jpg"/>
    </Product>
    <Product ProductCode="TEAMPULSE">
        <Banner FileName="TP_B1.jpg"/>
        <Banner FileName="TP_B2.jpg"/>
    </Product>
</ProductBanners>